Twitch Links,Description,Views
https://clips.twitch.tv/AmazonianColdJackalResidentSleeper-ZvlYZRHVqDFYXMHo?tt_content=channel_name&tt_medium=embed,jL - 1vs3 clutch (T - post-plant situation),19230
https://clips.twitch.tv/SmoothNeighborlyZucchiniTooSpicy-d6Zpqc0KvMv3en_G?tt_content=channel_name&tt_medium=embed,w0nderful - ACE (with 1vs3 clutch) - Part 1 - 3/5 frags,9565
https://clips.twitch.tv/TolerantSaltyHerdPJSalt-ztDZfht3_NYwLoJE?tt_content=channel_name&tt_medium=embed,jL (CT) rides the flash bullet train to get 3 instant M4A1-S kills and bring Natus Vincere just one station away from tournament victory,7364
https://clips.twitch.tv/SuccessfulWonderfulLobsterAMPEnergy-81u5dxkluWjux7ew?tt_content=channel_name&tt_medium=embed,iM - 1vs4 clutch (T - bomb planted after 2 clutch kills) - Part 1 - observer,7338
https://clips.twitch.tv/BeautifulMotionlessSlothMVGame-Wo9oIDC4qTC21aQX?tt_content=channel_name&tt_medium=embed,w0nderful - ACE (with 1vs3 clutch) - Part 2 - 2/5 frags - including REPLAY,6474
https://clips.twitch.tv/DoubtfulProudCarabeefResidentSleeper-S1oikDHiPPqGbr3x?tt_content=channel_name&tt_medium=embed,Natus Vincere win ESL Pro League Season 20 (Part 1),5225
https://clips.twitch.tv/CleanEasyQuailArgieB8-AX55jgoCn9SSRg_2?tt_content=channel_name&tt_medium=embed,iM - 1vs4 clutch (T - bomb planted after 2 clutch kills) - Part 2 - REPLAY,4029
https://clips.twitch.tv/OilyTriumphantDuckOSsloth-kAM9z3M5-mZNpaGS?tt_content=channel_name&tt_medium=embed,woxic (T) lands unreal mid air long distance MAC10 HS on jL (slow motion REPLAY),3534
https://clips.twitch.tv/HappyFancyCheddarPeteZaroll-o9rXxP8EqfhD8I2S?tt_content=channel_name&tt_medium=embed,Natus Vincere win ESL Pro League Season 20 (Part 2),3056
https://clips.twitch.tv/CrepuscularSnappySandstormNerfBlueBlaster-8Bb292bkOcT5ZLFd?tt_content=channel_name&tt_medium=embed,w0nderful (CT) wins the 1vs3 situation (frag wise) but fails to secure the round win as the bomb timer is not in his favor,2416
https://clips.twitch.tv/SuccessfulBumblingStinkbugHassaanChop--tp0C09vfC2DBY4X?tt_content=channel_name&tt_medium=embed,Wicadia - 4 Dual Elite HS kills on the bombsite B retake,2193
https://clips.twitch.tv/CourageousPuzzledPepperKappaPride-abR0zk2yLkRO7TMx?tt_content=channel_name&tt_medium=embed,MAJ3R - 1vs2 clutch (T - post-plant situation) to keep Natus Vincere off tournament point,1617
https://clips.twitch.tv/TransparentSmokyWheelFutureMan-3ELfIxM4Th7DYXOG?tt_content=channel_name&tt_medium=embed,MAJ3R - 1vs2 clutch (T - pre-plant situation),1361
https://clips.twitch.tv/DaintyResoluteBeefDAESuppy-2YjtLPnGIXWQLwea?tt_content=channel_name&tt_medium=embed,jL - 1vs2 clutch (CT - post-plant situation),5286
https://clips.twitch.tv/NimbleTameSandstormBibleThump-heA3huTF5mgsUGn4?tt_content=channel_name&tt_medium=embed,jL - 4 AK kills (3 HS) on the bombsite B offensive to secure the map victory for Natus Vincere,4390
